letter;weight_I;relative_weight_I;weight_II;relative_weight_II;weight_III;relative_weight_III;weight_IV;relative_weight_IV;total_weight;relative_total_weight;center_y;center_x;relative_center_y;relative_center_x;inertia_y;inertia_x;relative_inertia_y;relative_inertia_x;profile_x;profile_y
a;37.34117647058824;0.02333823529411765;100.05882352941177;0.06253676470588236;99.07058823529412;0.061919117647058826;135.6392156862745;0.08477450980392157;372.10980392156864;0.0581421568627451;42.31645729702386;42.91670179580136;0.5289557162127982;0.5364587724475169;19348.492592133392;29062.844785431244;0.00047237530742513166;0.0007095421090193175;"0.0;0.0;0.0;0.0;0.0;0.0;0.0;0.0;0.0;0.0;0.0;0.0;0.0;0.0;0.0;0.0;0.0;0.0;0.0;0.0;0.0;0.0;0.0;0.0;0.0;0.0;0.0;0.0;0.0;0.0;5.011764705882353;10.364705882352942;16.12549019607843;18.662745098039217;19.51764705882353;15.443137254901961;13.627450980392156;12.937254901960785;12.450980392156863;12.270588235294118;12.105882352941176;12.031372549019608;11.976470588235294;12.023529411764706;12.149019607843137;12.407843137254902;12.850980392156863;13.60392156862745;15.011764705882353;22.819607843137256;26.27843137254902;25.24313725490196;23.733333333333334;21.03921568627451;2.4235294117647057;0.0;0.0;0.0;0.0;0.0;0.0;0.0;0.0;0.0;0.0;0.0;0.0;0.0;0.0;0.0;0.0;0.0;0.0;0.0;0.0;0.0;0.0;0.0;0.0;0.0";"0.0;0.0;0.0;0.0;0.0;0.0;0.0;0.0;0.0;0.0;0.0;0.0;0.0;0.0;0.0;0.0;0.0;0.0;0.0;0.0;0.0;0.0;0.0;0.0;0.0;0.0;0.0;8.180392156862744;15.058823529411764;18.027450980392157;19.101960784313725;12.24705882352941;6.901960784313726;4.96078431372549;4.662745098039216;4.4941176470588236;4.4980392156862745;4.533333333333333;15.678431372549019;19.054901960784314;20.749019607843138;21.83529411764706;12.79607843137255;10.466666666666667;9.83921568627451;9.717647058823529;9.8;10.101960784313725;10.568627450980392;11.321568627450981;12.384313725490196;14.086274509803921;17.16470588235294;21.15686274509804;19.270588235294117;16.576470588235296;6.874509803921568;0.0;0.0;0.0;0.0;0.0;0.0;0.0;0.0;0.0;0.0;0.0;0.0;0.0;0.0;0.0;0.0;0.0;0.0;0.0;0.0;0.0;0.0;0.0"
b;135.41960784313724;0.08463725490196078;90.12156862745098;0.05632598039215687;97.93333333333334;0.06120833333333334;109.56470588235294;0.06847794117647059;433.03921568627453;0.0676623774509804;38.89297713380122;40.581752320579575;0.4861622141725152;0.5072719040072446;30853.412670297912;52045.785112812795;0.0007532571452709451;0.001270649050605781;"0.0;0.0;0.0;0.0;0.0;0.0;0.0;0.0;0.0;0.0;0.0;0.0;0.0;0.0;0.0;0.0;0.0;0.0;0.0;0.0;0.0;0.0;0.0;0.0;0.0;0.0;0.0;0.0;0.0;0.0;11.294117647058824;40.0;40.0;40.0;40.0;25.4;10.886274509803922;9.250980392156864;8.458823529411765;8.062745098039215;7.854901960784313;7.776470588235294;7.862745098039215;7.952941176470588;8.211764705882352;8.525490196078431;9.011764705882353;9.768627450980393;10.862745098039216;12.568627450980392;15.741176470588234;23.431372549019606;22.741176470588236;19.95294117647059;16.40392156862745;10.572549019607843;0.4470588235294118;0.0;0.0;0.0;0.0;0.0;0.0;0.0;0.0;0.0;0.0;0.0;0.0;0.0;0.0;0.0;0.0;0.0;0.0;0.0;0.0;0.0;0.0;0.0";"0.0;0.0;0.0;0.0;0.0;0.0;0.0;0.0;0.0;0.0;0.0;0.0;0.0;0.0;0.0;0.0;4.705882352941177;4.705882352941177;4.705882352941177;4.705882352941177;4.705882352941177;4.705882352941177;4.705882352941177;4.705882352941177;4.705882352941177;4.705882352941177;4.705882352941177;11.113725490196078;15.952941176470588;18.643137254901962;20.607843137254903;17.149019607843137;14.262745098039217;12.807843137254903;11.780392156862746;11.058823529411764;10.580392156862745;10.145098039215686;9.95686274509804;9.717647058823529;9.631372549019607;9.584313725490196;9.584313725490196;9.631372549019607;9.717647058823529;9.95686274509804;10.145098039215686;10.576470588235294;11.047058823529412;11.768627450980393;12.776470588235295;14.24313725490196;17.11764705882353;20.623529411764707;18.658823529411766;15.972549019607843;6.462745098039216;0.0;0.0;0.0;0.0;0.0;0.0;0.0;0.0;0.0;0.0;0.0;0.0;0.0;0.0;0.0;0.0;0.0;0.0;0.0;0.0;0.0;0.0;0.0"
c;58.6;0.036625;54.48235294117647;0.034051470588235294;78.37647058823529;0.04898529411764706;54.529411764705884;0.034080882352941176;245.98823529411766;0.038435661764705885;41.51076888740096;39.77741642354966;0.5188846110925119;0.49721770529437076;10135.99328668863;25092.927355359065;0.0002474607736007966;0.0006126202967616959;"0.0;0.0;0.0;0.0;0.0;0.0;0.0;0.0;0.0;0.0;0.0;0.0;0.0;0.0;0.0;0.0;0.0;0.0;0.0;0.0;0.0;0.0;0.0;0.0;0.0;0.0;0.0;0.0;0.0;0.0;0.2196078431372549;9.60392156862745;15.349019607843138;18.84313725490196;21.431372549019606;22.729411764705883;15.776470588235295;12.423529411764706;10.788235294117648;9.811764705882354;9.086274509803921;8.64313725490196;8.368627450980393;8.08235294117647;8.066666666666666;7.984313725490196;7.976470588235294;7.956862745098039;7.972549019607843;7.984313725490196;7.996078431372549;8.007843137254902;8.007843137254902;2.8784313725490196;0.0;0.0;0.0;0.0;0.0;0.0;0.0;0.0;0.0;0.0;0.0;0.0;0.0;0.0;0.0;0.0;0.0;0.0;0.0;0.0;0.0;0.0;0.0;0.0;0.0;0.0";"0.0;0.0;0.0;0.0;0.0;0.0;0.0;0.0;0.0;0.0;0.0;0.0;0.0;0.0;0.0;0.0;0.0;0.0;0.0;0.0;0.0;0.0;0.0;0.0;0.0;0.0;0.0;7.6156862745098035;13.976470588235294;16.83921568627451;18.058823529411764;12.341176470588236;7.564705882352941;5.850980392156862;5.47843137254902;5.2784313725490195;5.137254901960785;5.007843137254902;5.007843137254902;4.925490196078432;4.913725490196079;4.921568627450981;4.91764705882353;4.913725490196079;4.925490196078432;5.007843137254902;5.0;5.133333333333334;5.262745098039216;5.466666666666667;5.8431372549019605;7.549019607843137;12.309803921568628;18.070588235294117;16.88235294117647;14.050980392156863;7.737254901960784;0.0;0.0;0.0;0.0;0.0;0.0;0.0;0.0;0.0;0.0;0.0;0.0;0.0;0.0;0.0;0.0;0.0;0.0;0.0;0.0;0.0;0.0;0.0"
ç;68.43529411764706;0.04277205882352941;54.48235294117647;0.034051470588235294;71.76470588235294;0.04485294117647059;100.52156862745097;0.06282598039215687;295.20392156862744;0.046125612745098035;42.91430317361213;40.593288786747614;0.5364287896701516;0.5074161098343452;11515.318154882609;42485.21635205087;0.00028113569714068867;0.001037236727344992;"0.0;0.0;0.0;0.0;0.0;0.0;0.0;0.0;0.0;0.0;0.0;0.0;0.0;0.0;0.0;0.0;0.0;0.0;0.0;0.0;0.0;0.0;0.0;0.0;0.0;0.0;0.0;0.0;0.0;0.0;0.2196078431372549;9.60392156862745;15.349019607843138;18.84313725490196;21.431372549019606;22.729411764705883;15.776470588235295;12.423529411764706;10.788235294117648;13.035294117647059;12.149019607843137;11.635294117647058;11.333333333333334;11.184313725490195;11.584313725490196;13.968627450980392;16.643137254901962;16.176470588235293;13.952941176470588;9.486274509803922;7.996078431372549;8.007843137254902;8.007843137254902;2.8784313725490196;0.0;0.0;0.0;0.0;0.0;0.0;0.0;0.0;0.0;0.0;0.0;0.0;0.0;0.0;0.0;0.0;0.0;0.0;0.0;0.0;0.0;0.0;0.0;0.0;0.0;0.0";"0.0;0.0;0.0;0.0;0.0;0.0;0.0;0.0;0.0;0.0;0.0;0.0;0.0;0.0;0.0;0.0;0.0;0.0;0.0;0.0;0.0;0.0;0.0;0.0;0.0;7.6156862745098035;13.976470588235294;16.83921568627451;18.058823529411764;12.341176470588236;7.564705882352941;5.850980392156862;5.47843137254902;5.2784313725490195;5.137254901960785;5.007843137254902;5.007843137254902;4.925490196078432;4.913725490196079;4.921568627450981;4.91764705882353;4.913725490196079;4.925490196078432;5.007843137254902;5.0;5.133333333333334;5.262745098039216;5.466666666666667;5.8431372549019605;7.549019607843137;12.309803921568628;18.070588235294117;16.88235294117647;14.050980392156863;8.109803921568627;3.207843137254902;3.2862745098039214;3.3450980392156864;3.4705882352941178;3.7411764705882353;5.807843137254902;10.062745098039215;9.345098039215687;6.576470588235294;0.0;0.0;0.0;0.0;0.0;0.0;0.0;0.0;0.0;0.0;0.0;0.0;0.0;0.0;0.0;0.0"
d;69.67450980392157;0.04354656862745098;154.80392156862746;0.09675245098039216;88.94117647058823;0.05558823529411765;117.5921568627451;0.07349509803921568;431.01176470588234;0.06734558823529412;38.898223969137824;43.449448629763076;0.4862277996142228;0.5431181078720384;30603.0358297528;51825.5903267403;0.0007471444294373242;0.0012652732013364331;"0.0;0.0;0.0;0.0;0.0;0.0;0.0;0.0;0.0;0.0;0.0;0.0;0.0;0.0;0.0;0.0;0.0;0.0;0.0;0.0;0.0;0.0;0.0;0.0;0.0;0.0;0.0;0.0;0.2627450980392157;10.172549019607843;16.223529411764705;19.819607843137256;22.63921568627451;23.32941176470588;15.627450980392156;12.466666666666667;10.792156862745099;9.749019607843136;9.007843137254902;8.525490196078431;8.215686274509803;7.956862745098039;7.866666666666666;7.788235294117647;7.870588235294117;8.094117647058823;8.505882352941176;9.301960784313726;10.901960784313726;24.6;40.0;40.0;40.0;40.0;11.294117647058824;0.0;0.0;0.0;0.0;0.0;0.0;0.0;0.0;0.0;0.0;0.0;0.0;0.0;0.0;0.0;0.0;0.0;0.0;0.0;0.0;0.0;0.0;0.0;0.0;0.0";"0.0;0.0;0.0;0.0;0.0;0.0;0.0;0.0;0.0;0.0;0.0;0.0;0.0;0.0;0.0;0.0;4.674509803921569;4.674509803921569;4.674509803921569;4.674509803921569;4.674509803921569;4.674509803921569;4.674509803921569;4.674509803921569;4.674509803921569;4.674509803921569;4.674509803921569;11.086274509803921;15.905882352941177;18.6;20.56078431372549;17.098039215686274;14.215686274509803;12.749019607843136;11.72156862745098;11.0;10.513725490196078;10.070588235294117;9.886274509803922;9.650980392156862;9.564705882352941;9.509803921568627;9.51764705882353;9.564705882352941;9.650980392156862;9.886274509803922;10.070588235294117;10.505882352941176;10.984313725490196;11.701960784313725;12.72549019607843;14.192156862745097;17.070588235294117;20.576470588235296;18.615686274509805;15.933333333333334;6.462745098039216;0.0;0.0;0.0;0.0;0.0;0.0;0.0;0.0;0.0;0.0;0.0;0.0;0.0;0.0;0.0;0.0;0.0;0.0;0.0;0.0;0.0;0.0;0.0"
e;65.10588235294118;0.04069117647058824;98.72941176470589;0.06170588235294118;97.27843137254902;0.06079901960784314;109.4235294117647;0.06838970588235294;370.5372549019608;0.05789644607843138;41.061204186819346;41.88916993872173;0.5132650523352418;0.5236146242340216;21569.213284699195;27640.615906618135;0.0005265921212084764;0.0006748197242826693;"0.0;0.0;0.0;0.0;0.0;0.0;0.0;0.0;0.0;0.0;0.0;0.0;0.0;0.0;0.0;0.0;0.0;0.0;0.0;0.0;0.0;0.0;0.0;0.0;0.0;0.0;0.0;0.0;0.0;0.21568627450980393;9.494117647058824;15.188235294117646;18.68235294117647;21.254901960784313;22.99607843137255;18.533333333333335;15.623529411764705;14.184313725490195;13.4;12.811764705882354;12.450980392156863;12.270588235294118;12.08235294117647;12.011764705882353;11.996078431372549;11.992156862745098;12.133333333333333;12.266666666666667;12.580392156862745;13.066666666666666;13.941176470588236;16.40392156862745;16.63921568627451;15.48235294117647;13.964705882352941;7.996078431372549;0.8745098039215686;0.0;0.0;0.0;0.0;0.0;0.0;0.0;0.0;0.0;0.0;0.0;0.0;0.0;0.0;0.0;0.0;0.0;0.0;0.0;0.0;0.0;0.0;0.0";"0.0;0.0;0.0;0.0;0.0;0.0;0.0;0.0;0.0;0.0;0.0;0.0;0.0;0.0;0.0;0.0;0.0;0.0;0.0;0.0;0.0;0.0;0.0;0.0;0.0;0.0;0.0;7.243137254901961;12.91764705882353;16.090196078431372;18.40392156862745;14.352941176470589;11.458823529411765;10.376470588235295;9.75686274509804;9.462745098039216;9.321568627450981;9.270588235294118;9.341176470588236;25.83921568627451;26.211764705882352;26.294117647058822;26.32156862745098;4.847058823529411;4.901960784313726;4.964705882352941;5.011764705882353;5.094117647058823;5.2745098039215685;5.447058823529412;6.776470588235294;9.494117647058824;14.529411764705882;20.71372549019608;18.466666666666665;14.494117647058824;7.858823529411764;0.0;0.0;0.0;0.0;0.0;0.0;0.0;0.0;0.0;0.0;0.0;0.0;0.0;0.0;0.0;0.0;0.0;0.0;0.0;0.0;0.0;0.0;0.0"
f;63.996078431372545;0.03999754901960784;122.03529411764706;0.07627205882352942;37.52156862745098;0.023450980392156862;37.772549019607844;0.023607843137254902;261.3254901960784;0.040832107843137254;32.73740208289565;40.92507278129596;0.4092175260361956;0.5115634097661995;3480.3172094000424;32492.681564896437;8.496868187011822e-05;0.0007932783585179794;"0.0;0.0;0.0;0.0;0.0;0.0;0.0;0.0;0.0;0.0;0.0;0.0;0.0;0.0;0.0;0.0;0.0;0.0;0.0;0.0;0.0;0.0;0.0;0.0;0.0;0.0;0.0;0.0;0.0;0.0;0.0;0.0;0.0;3.2627450980392156;4.0;4.0;4.0;13.803921568627452;35.29803921568627;37.15294117647059;38.17254901960784;38.84705882352941;20.56078431372549;8.627450980392156;8.196078431372548;8.027450980392157;7.996078431372549;8.0;8.0;8.0;4.188235294117647;1.192156862745098;0.0;0.0;0.0;0.0;0.0;0.0;0.0;0.0;0.0;0.0;0.0;0.0;0.0;0.0;0.0;0.0;0.0;0.0;0.0;0.0;0.0;0.0;0.0;0.0;0.0;0.0;0.0;0.0";"0.0;0.0;0.0;0.0;0.0;0.0;0.0;0.0;0.0;0.0;0.0;0.0;0.0;0.0;0.0;0.0;7.890196078431373;10.345098039215687;11.52156862745098;12.254901960784315;5.862745098039215;4.921568627450981;4.705882352941177;4.674509803921569;4.658823529411765;4.686274509803922;4.705882352941177;4.705882352941177;16.862745098039216;16.862745098039216;16.862745098039216;16.862745098039216;4.705882352941177;4.705882352941177;4.705882352941177;4.705882352941177;4.705882352941177;4.705882352941177;4.705882352941177;4.705882352941177;4.705882352941177;4.705882352941177;4.705882352941177;4.705882352941177;4.705882352941177;4.705882352941177;4.705882352941177;4.705882352941177;4.705882352941177;4.705882352941177;4.705882352941177;4.705882352941177;4.705882352941177;4.705882352941177;4.705882352941177;4.705882352941177;0.0;0.0;0.0;0.0;0.0;0.0;0.0;0.0;0.0;0.0;0.0;0.0;0.0;0.0;0.0;0.0;0.0;0.0;0.0;0.0;0.0;0.0;0.0;0.0"
g;79.58823529411765;0.04974264705882353;106.89411764705882;0.06680882352941177;108.30980392156863;0.0676936274509804;179.6705882352941;0.11229411764705882;474.46274509803925;0.07413480392156863;43.92305021985652;42.54969087843423;0.5490381277482065;0.5318711359804278;30176.557876230792;67291.0101864583;0.0007367323700251658;0.0016428469283803295;"0.0;0.0;0.0;0.0;0.0;0.0;0.0;0.0;0.0;0.0;0.0;0.0;0.0;0.0;0.0;0.0;0.0;0.0;0.0;0.0;0.0;0.0;0.0;0.0;0.0;0.0;0.0;0.0;0.24313725490196078;9.937254901960785;15.83529411764706;19.333333333333332;25.415686274509802;27.32941176470588;19.611764705882354;16.48235294117647;14.717647058823529;13.670588235294117;12.913725490196079;12.407843137254902;12.184313725490195;12.003921568627451;11.909803921568628;11.941176470588236;12.129411764705882;12.454901960784314;13.109803921568627;14.309803921568628;16.819607843137256;28.023529411764706;35.86666666666667;34.73725490196078;33.141176470588235;30.427450980392155;7.5058823529411764;0.0;0.0;0.0;0.0;0.0;0.0;0.0;0.0;0.0;0.0;0.0;0.0;0.0;0.0;0.0;0.0;0.0;0.0;0.0;0.0;0.0;0.0;0.0;0.0;0.0";"0.0;0.0;0.0;0.0;0.0;0.0;0.0;0.0;0.0;0.0;0.0;0.0;0.0;0.0;0.0;0.0;0.0;0.0;0.0;0.0;0.0;0.0;0.0;0.0;0.0;6.337254901960784;15.968627450980392;18.729411764705883;20.694117647058825;17.03921568627451;14.058823529411764;12.533333333333333;11.533333333333333;10.843137254901961;10.345098039215687;9.984313725490196;9.792156862745099;9.584313725490196;9.541176470588235;9.498039215686275;9.533333333333333;9.580392156862745;9.788235294117648;9.980392156862745;10.337254901960785;10.83529411764706;11.529411764705882;12.529411764705882;14.058823529411764;17.019607843137255;20.686274509803923;18.690196078431374;15.952941176470588;11.03921568627451;4.686274509803922;4.7215686274509805;4.909803921568628;5.094117647058823;5.458823529411765;7.337254901960784;12.258823529411766;18.5921568627451;17.474509803921567;15.874509803921569;10.011764705882353;0.0;0.0;0.0;0.0;0.0;0.0;0.0;0.0;0.0;0.0;0.0;0.0;0.0;0.0;0.0"
ğ;101.27450980392157;0.06329656862745098;144.08235294117648;0.0900514705882353;108.30980392156863;0.0676936274509804;179.6705882352941;0.11229411764705882;533.3372549019608;0.08333394607843138;40.75737678399423;42.4910478599422;0.5094672097999279;0.5311380982492775;31452.138630468544;110560.86730094689;0.0007678744782829235;0.0026992399243395237;"0.0;0.0;0.0;0.0;0.0;0.0;0.0;0.0;0.0;0.0;0.0;0.0;0.0;0.0;0.0;0.0;0.0;0.0;0.0;0.0;0.0;0.0;0.0;0.0;0.0;0.0;0.0;0.0;0.24313725490196078;9.937254901960785;15.83529411764706;19.333333333333332;25.415686274509802;27.32941176470588;20.16862745098039;19.909803921568628;19.59607843137255;19.08627450980392;16.91764705882353;15.811764705882354;15.329411764705883;15.074509803921568;14.929411764705883;15.007843137254902;15.266666666666667;15.843137254901961;17.007843137254902;19.619607843137256;21.749019607843138;31.564705882352943;36.549019607843135;34.73725490196078;33.141176470588235;30.427450980392155;7.5058823529411764;0.0;0.0;0.0;0.0;0.0;0.0;0.0;0.0;0.0;0.0;0.0;0.0;0.0;0.0;0.0;0.0;0.0;0.0;0.0;0.0;0.0;0.0;0.0;0.0;0.0";"0.0;0.0;0.0;0.0;0.0;0.0;0.0;0.0;0.0;0.0;0.0;0.0;6.12156862745098;6.450980392156863;7.1647058823529415;9.48235294117647;12.72156862745098;10.631372549019607;6.301960784313725;0.0;0.0;0.0;0.0;0.0;0.0;6.337254901960784;15.968627450980392;18.729411764705883;20.694117647058825;17.03921568627451;14.058823529411764;12.533333333333333;11.533333333333333;10.843137254901961;10.345098039215687;9.984313725490196;9.792156862745099;9.584313725490196;9.541176470588235;9.498039215686275;9.533333333333333;9.580392156862745;9.788235294117648;9.980392156862745;10.337254901960785;10.83529411764706;11.529411764705882;12.529411764705882;14.058823529411764;17.019607843137255;20.686274509803923;18.690196078431374;15.952941176470588;11.03921568627451;4.686274509803922;4.7215686274509805;4.909803921568628;5.094117647058823;5.458823529411765;7.337254901960784;12.258823529411766;18.5921568627451;17.474509803921567;15.874509803921569;10.011764705882353;0.0;0.0;0.0;0.0;0.0;0.0;0.0;0.0;0.0;0.0;0.0;0.0;0.0;0.0;0.0"
h;132.4078431372549;0.08275490196078432;87.65490196078431;0.0547843137254902;75.29411764705883;0.047058823529411764;74.7921568627451;0.04674509803921569;370.1490196078432;0.0578357843137255;36.86397635292622;40.34921812094758;0.4607997044115778;0.5043652265118448;28423.517930577746;39421.53957802047;0.0006939335432269957;0.0009624399311040154;"0.0;0.0;0.0;0.0;0.0;0.0;0.0;0.0;0.0;0.0;0.0;0.0;0.0;0.0;0.0;0.0;0.0;0.0;0.0;0.0;0.0;0.0;0.0;0.0;0.0;0.0;0.0;0.0;0.0;0.0;11.294117647058824;40.0;40.0;40.0;40.0;20.32549019607843;4.486274509803922;3.996078431372549;3.819607843137255;3.780392156862745;3.780392156862745;3.823529411764706;3.9019607843137254;3.9568627450980394;4.0627450980392155;4.184313725490196;4.458823529411765;4.894117647058824;5.7254901960784315;10.172549019607843;27.341176470588234;26.478431372549018;25.266666666666666;23.32941176470588;11.070588235294117;0.0;0.0;0.0;0.0;0.0;0.0;0.0;0.0;0.0;0.0;0.0;0.0;0.0;0.0;0.0;0.0;0.0;0.0;0.0;0.0;0.0;0.0;0.0;0.0;0.0";"0.0;0.0;0.0;0.0;0.0;0.0;0.0;0.0;0.0;0.0;0.0;0.0;0.0;0.0;0.0;0.0;4.705882352941177;4.705882352941177;4.705882352941177;4.705882352941177;4.705882352941177;4.705882352941177;4.705882352941177;4.705882352941177;4.705882352941177;4.705882352941177;4.705882352941177;11.090196078431372;15.949019607843137;18.572549019607845;20.454901960784312;16.63921568627451;13.619607843137254;12.07843137254902;11.050980392156863;10.384313725490196;9.941176470588236;9.627450980392156;9.48235294117647;9.407843137254902;9.380392156862746;9.380392156862746;9.380392156862746;9.380392156862746;9.380392156862746;9.380392156862746;9.380392156862746;9.380392156862746;9.380392156862746;9.380392156862746;9.380392156862746;9.380392156862746;9.380392156862746;9.380392156862746;9.380392156862746;9.380392156862746;0.0;0.0;0.0;0.0;0.0;0.0;0.0;0.0;0.0;0.0;0.0;0.0;0.0;0.0;0.0;0.0;0.0;0.0;0.0;0.0;0.0;0.0;0.0;0.0"
i;19.694117647058825;0.012308823529411766;64.44705882352942;0.04027941176470588;17.50588235294118;0.010941176470588237;57.286274509803924;0.03580392156862745;158.93333333333334;0.024833333333333332;37.44117647058823;40.76006711409396;0.4680147058823529;0.5095008389261745;302.5838926174497;20840.75201845444;7.3873020658557055e-06;0.0005088074223255479;"0.0;0.0;0.0;0.0;0.0;0.0;0.0;0.0;0.0;0.0;0.0;0.0;0.0;0.0;0.0;0.0;0.0;0.0;0.0;0.0;0.0;0.0;0.0;0.0;0.0;0.0;0.0;0.0;0.0;0.0;0.0;0.0;0.0;0.0;0.0;0.0;0.0;0.0;3.2;34.0;34.0;34.0;34.0;19.733333333333334;0.0;0.0;0.0;0.0;0.0;0.0;0.0;0.0;0.0;0.0;0.0;0.0;0.0;0.0;0.0;0.0;0.0;0.0;0.0;0.0;0.0;0.0;0.0;0.0;0.0;0.0;0.0;0.0;0.0;0.0;0.0;0.0;0.0;0.0;0.0;0.0";"0.0;0.0;0.0;0.0;0.0;0.0;0.0;0.0;0.0;0.0;0.0;0.0;0.0;0.0;0.0;0.0;4.674509803921569;4.674509803921569;4.674509803921569;4.674509803921569;4.674509803921569;4.674509803921569;0.0;0.0;0.0;0.0;0.0;0.0;4.674509803921569;4.674509803921569;4.674509803921569;4.674509803921569;4.674509803921569;4.674509803921569;4.674509803921569;4.674509803921569;4.674509803921569;4.674509803921569;4.674509803921569;4.674509803921569;4.674509803921569;4.674509803921569;4.674509803921569;4.674509803921569;4.674509803921569;4.674509803921569;4.674509803921569;4.674509803921569;4.674509803921569;4.674509803921569;4.674509803921569;4.674509803921569;4.674509803921569;4.674509803921569;4.674509803921569;4.674509803921569;0.0;0.0;0.0;0.0;0.0;0.0;0.0;0.0;0.0;0.0;0.0;0.0;0.0;0.0;0.0;0.0;0.0;0.0;0.0;0.0;0.0;0.0;0.0;0.0"
i;19.694117647058825;0.012308823529411766;64.44705882352942;0.04027941176470588;17.50588235294118;0.010941176470588237;57.286274509803924;0.03580392156862745;158.93333333333334;0.024833333333333332;37.44117647058823;40.76006711409396;0.4680147058823529;0.5095008389261745;302.5838926174497;20840.75201845444;7.3873020658557055e-06;0.0005088074223255479;"0.0;0.0;0.0;0.0;0.0;0.0;0.0;0.0;0.0;0.0;0.0;0.0;0.0;0.0;0.0;0.0;0.0;0.0;0.0;0.0;0.0;0.0;0.0;0.0;0.0;0.0;0.0;0.0;0.0;0.0;0.0;0.0;0.0;0.0;0.0;0.0;0.0;0.0;3.2;34.0;34.0;34.0;34.0;19.733333333333334;0.0;0.0;0.0;0.0;0.0;0.0;0.0;0.0;0.0;0.0;0.0;0.0;0.0;0.0;0.0;0.0;0.0;0.0;0.0;0.0;0.0;0.0;0.0;0.0;0.0;0.0;0.0;0.0;0.0;0.0;0.0;0.0;0.0;0.0;0.0;0.0";"0.0;0.0;0.0;0.0;0.0;0.0;0.0;0.0;0.0;0.0;0.0;0.0;0.0;0.0;0.0;0.0;4.674509803921569;4.674509803921569;4.674509803921569;4.674509803921569;4.674509803921569;4.674509803921569;0.0;0.0;0.0;0.0;0.0;0.0;4.674509803921569;4.674509803921569;4.674509803921569;4.674509803921569;4.674509803921569;4.674509803921569;4.674509803921569;4.674509803921569;4.674509803921569;4.674509803921569;4.674509803921569;4.674509803921569;4.674509803921569;4.674509803921569;4.674509803921569;4.674509803921569;4.674509803921569;4.674509803921569;4.674509803921569;4.674509803921569;4.674509803921569;4.674509803921569;4.674509803921569;4.674509803921569;4.674509803921569;4.674509803921569;4.674509803921569;4.674509803921569;0.0;0.0;0.0;0.0;0.0;0.0;0.0;0.0;0.0;0.0;0.0;0.0;0.0;0.0;0.0;0.0;0.0;0.0;0.0;0.0;0.0;0.0;0.0;0.0"
j;21.88235294117647;0.013676470588235295;71.6078431372549;0.04475490196078431;52.45882352941177;0.032786764705882356;77.09411764705882;0.048183823529411765;223.04313725490198;0.034850490196078436;42.365145228215766;40.113932062732964;0.5295643153526971;0.501424150784162;1021.747922484276;47949.95554470751;2.494501763877627e-05;0.0011706532115407107;"0.0;0.0;0.0;0.0;0.0;0.0;0.0;0.0;0.0;0.0;0.0;0.0;0.0;0.0;0.0;0.0;0.0;0.0;0.0;0.0;0.0;0.0;0.0;0.0;0.0;0.0;0.0;0.0;0.0;0.0;0.0;0.0;0.0;3.764705882352941;4.011764705882353;4.043137254901961;4.196078431372549;4.572549019607843;9.713725490196078;44.03921568627451;43.43921568627451;42.48235294117647;40.80392156862745;21.976470588235294;0.0;0.0;0.0;0.0;0.0;0.0;0.0;0.0;0.0;0.0;0.0;0.0;0.0;0.0;0.0;0.0;0.0;0.0;0.0;0.0;0.0;0.0;0.0;0.0;0.0;0.0;0.0;0.0;0.0;0.0;0.0;0.0;0.0;0.0;0.0;0.0";"0.0;0.0;0.0;0.0;0.0;0.0;0.0;0.0;0.0;0.0;0.0;0.0;0.0;0.0;4.674509803921569;4.674509803921569;4.674509803921569;4.674509803921569;4.674509803921569;4.674509803921569;0.0;0.0;0.0;0.0;0.0;0.0;4.674509803921569;4.674509803921569;4.674509803921569;4.674509803921569;4.674509803921569;4.674509803921569;4.674509803921569;4.674509803921569;4.674509803921569;4.674509803921569;4.674509803921569;4.674509803921569;4.674509803921569;4.674509803921569;4.674509803921569;4.674509803921569;4.674509803921569;4.674509803921569;4.674509803921569;4.674509803921569;4.674509803921569;4.674509803921569;4.674509803921569;4.674509803921569;4.674509803921569;4.674509803921569;4.674509803921569;4.674509803921569;4.670588235294118;4.658823529411765;4.650980392156863;4.67843137254902;4.7176470588235295;4.921568627450981;5.866666666666666;9.125490196078431;8.435294117647059;7.337254901960784;5.047058823529412;0.0;0.0;0.0;0.0;0.0;0.0;0.0;0.0;0.0;0.0;0.0;0.0;0.0;0.0;0.0"
k;115.61960784313726;0.07226225490196078;69.12941176470588;0.04320588235294118;84.44705882352942;0.05277941176470589;87.15686274509804;0.054473039215686275;356.3529411764706;0.055680147058823536;38.36872455155717;40.20489710575547;0.47960905689446465;0.5025612138219434;16788.039297207604;39401.48045166873;0.0004098642406544825;0.0009619502063395686;"0.0;0.0;0.0;0.0;0.0;0.0;0.0;0.0;0.0;0.0;0.0;0.0;0.0;0.0;0.0;0.0;0.0;0.0;0.0;0.0;0.0;0.0;0.0;0.0;0.0;0.0;0.0;0.0;0.0;0.0;0.0;0.0;11.294117647058824;40.0;40.0;40.0;40.0;18.545098039215688;4.207843137254902;6.019607843137255;7.827450980392157;9.647058823529411;10.949019607843137;11.0;10.992156862745098;10.988235294117647;10.984313725490196;10.980392156862745;10.972549019607843;10.972549019607843;10.972549019607843;10.780392156862746;9.376470588235295;7.564705882352941;5.749019607843137;3.929411764705882;2.1137254901960785;0.48627450980392156;0.0;0.0;0.0;0.0;0.0;0.0;0.0;0.0;0.0;0.0;0.0;0.0;0.0;0.0;0.0;0.0;0.0;0.0;0.0;0.0;0.0;0.0";"0.0;0.0;0.0;0.0;0.0;0.0;0.0;0.0;0.0;0.0;0.0;0.0;0.0;0.0;0.0;0.0;4.705882352941177;4.705882352941177;4.705882352941177;4.705882352941177;4.705882352941177;4.705882352941177;4.705882352941177;4.705882352941177;4.705882352941177;4.705882352941177;4.705882352941177;4.705882352941177;10.674509803921568;10.678431372549019;10.686274509803921;10.68235294117647;10.68235294117647;10.690196078431372;10.690196078431372;10.694117647058823;10.698039215686274;10.698039215686274;10.701960784313725;10.701960784313725;10.215686274509803;9.964705882352941;10.784313725490197;10.831372549019608;10.831372549019608;10.827450980392157;10.827450980392157;10.823529411764707;10.819607843137256;10.819607843137256;10.815686274509805;10.811764705882354;10.811764705882354;10.807843137254903;10.807843137254903;10.803921568627452;0.0;0.0;0.0;0.0;0.0;0.0;0.0;0.0;0.0;0.0;0.0;0.0;0.0;0.0;0.0;0.0;0.0;0.0;0.0;0.0;0.0;0.0;0.0;0.0"
l;26.258823529411764;0.01641176470588235;85.92941176470588;0.05370588235294117;17.50588235294118;0.010941176470588237;57.286274509803924;0.03580392156862745;186.98039215686273;0.0292156862745098;35.5;40.760067114093964;0.44375;0.5095008389261746;355.98105013817604;24915.13725490196;8.690943606889064e-06;0.0006082797181372549;"0.0;0.0;0.0;0.0;0.0;0.0;0.0;0.0;0.0;0.0;0.0;0.0;0.0;0.0;0.0;0.0;0.0;0.0;0.0;0.0;0.0;0.0;0.0;0.0;0.0;0.0;0.0;0.0;0.0;0.0;0.0;0.0;0.0;0.0;0.0;0.0;0.0;0.0;3.764705882352941;40.0;40.0;40.0;40.0;23.215686274509803;0.0;0.0;0.0;0.0;0.0;0.0;0.0;0.0;0.0;0.0;0.0;0.0;0.0;0.0;0.0;0.0;0.0;0.0;0.0;0.0;0.0;0.0;0.0;0.0;0.0;0.0;0.0;0.0;0.0;0.0;0.0;0.0;0.0;0.0;0.0;0.0";"0.0;0.0;0.0;0.0;0.0;0.0;0.0;0.0;0.0;0.0;0.0;0.0;0.0;0.0;0.0;0.0;4.674509803921569;4.674509803921569;4.674509803921569;4.674509803921569;4.674509803921569;4.674509803921569;4.674509803921569;4.674509803921569;4.674509803921569;4.674509803921569;4.674509803921569;4.674509803921569;4.674509803921569;4.674509803921569;4.674509803921569;4.674509803921569;4.674509803921569;4.674509803921569;4.674509803921569;4.674509803921569;4.674509803921569;4.674509803921569;4.674509803921569;4.674509803921569;4.674509803921569;4.674509803921569;4.674509803921569;4.674509803921569;4.674509803921569;4.674509803921569;4.674509803921569;4.674509803921569;4.674509803921569;4.674509803921569;4.674509803921569;4.674509803921569;4.674509803921569;4.674509803921569;4.674509803921569;4.674509803921569;0.0;0.0;0.0;0.0;0.0;0.0;0.0;0.0;0.0;0.0;0.0;0.0;0.0;0.0;0.0;0.0;0.0;0.0;0.0;0.0;0.0;0.0;0.0;0.0"
m;104.6;0.065375;163.25882352941176;0.10203676470588235;75.29411764705883;0.047058823529411764;150.4;0.094;493.55294117647065;0.07711764705882354;39.21704964403763;43.51344393592677;0.4902131205504704;0.5439180491990847;97298.83628572711;36550.94845048559;0.0023754598702570096;0.0008923571399044333;"0.0;0.0;0.0;0.0;0.0;0.0;0.0;0.0;0.0;0.0;0.0;0.0;0.0;0.0;0.0;0.0;0.0;0.0;0.0;0.0;0.0;0.0;0.0;7.905882352941177;28.0;28.0;28.0;28.0;15.231372549019607;4.5058823529411764;4.019607843137255;3.83921568627451;3.784313725490196;3.780392156862745;3.8117647058823527;3.8941176470588235;3.9725490196078432;4.117647058823529;4.329411764705882;4.701960784313726;5.3843137254901965;6.996078431372549;25.431372549019606;26.87843137254902;25.7921568627451;24.15686274509804;20.749019607843138;5.086274509803921;4.176470588235294;3.8862745098039215;3.772549019607843;3.7450980392156863;3.784313725490196;3.850980392156863;3.929411764705882;4.047058823529412;4.211764705882353;4.5058823529411764;5.031372549019608;6.094117647058823;17.08235294117647;27.2;26.227450980392156;24.807843137254903;22.36078431372549;4.470588235294118;0.0;0.0;0.0;0.0;0.0;0.0;0.0;0.0;0.0;0.0;0.0;0.0;0.0;0.0";"0.0;0.0;0.0;0.0;0.0;0.0;0.0;0.0;0.0;0.0;0.0;0.0;0.0;0.0;0.0;0.0;0.0;0.0;0.0;0.0;0.0;0.0;0.0;0.0;0.0;0.0;0.0;12.35686274509804;26.36470588235294;31.45098039215686;35.101960784313725;27.866666666666667;22.521568627450982;19.83529411764706;17.686274509803923;16.254901960784313;15.298039215686275;14.650980392156862;14.309803921568628;14.16078431372549;14.105882352941176;14.105882352941176;14.105882352941176;14.105882352941176;14.105882352941176;14.105882352941176;14.105882352941176;14.105882352941176;14.105882352941176;14.105882352941176;14.105882352941176;14.105882352941176;14.105882352941176;14.105882352941176;14.105882352941176;14.105882352941176;0.0;0.0;0.0;0.0;0.0;0.0;0.0;0.0;0.0;0.0;0.0;0.0;0.0;0.0;0.0;0.0;0.0;0.0;0.0;0.0;0.0;0.0;0.0;0.0"
n;75.93725490196078;0.04746078431372549;87.65490196078431;0.0547843137254902;75.29411764705883;0.047058823529411764;74.7921568627451;0.04674509803921569;313.678431372549;0.04901225490196079;39.62990698604791;41.74878731809771;0.4953738373255988;0.5218598414762214;24283.46718576414;23018.85935885481;0.0005928580855899449;0.0005619838710657913;"0.0;0.0;0.0;0.0;0.0;0.0;0.0;0.0;0.0;0.0;0.0;0.0;0.0;0.0;0.0;0.0;0.0;0.0;0.0;0.0;0.0;0.0;0.0;0.0;0.0;0.0;0.0;0.0;0.0;0.0;7.905882352941177;28.0;28.0;28.0;28.0;15.24313725490196;4.486274509803922;3.996078431372549;3.819607843137255;3.780392156862745;3.780392156862745;3.823529411764706;3.9019607843137254;3.9568627450980394;4.0627450980392155;4.184313725490196;4.458823529411765;4.894117647058824;5.7254901960784315;10.172549019607843;27.341176470588234;26.478431372549018;25.266666666666666;23.32941176470588;11.070588235294117;0.0;0.0;0.0;0.0;0.0;0.0;0.0;0.0;0.0;0.0;0.0;0.0;0.0;0.0;0.0;0.0;0.0;0.0;0.0;0.0;0.0;0.0;0.0;0.0;0.0";"0.0;0.0;0.0;0.0;0.0;0.0;0.0;0.0;0.0;0.0;0.0;0.0;0.0;0.0;0.0;0.0;0.0;0.0;0.0;0.0;0.0;0.0;0.0;0.0;0.0;0.0;0.0;6.3843137254901965;15.949019607843137;18.572549019607845;20.454901960784312;16.63921568627451;13.619607843137254;12.07843137254902;11.050980392156863;10.384313725490196;9.941176470588236;9.627450980392156;9.48235294117647;9.407843137254902;9.380392156862746;9.380392156862746;9.380392156862746;9.380392156862746;9.380392156862746;9.380392156862746;9.380392156862746;9.380392156862746;9.380392156862746;9.380392156862746;9.380392156862746;9.380392156862746;9.380392156862746;9.380392156862746;9.380392156862746;9.380392156862746;0.0;0.0;0.0;0.0;0.0;0.0;0.0;0.0;0.0;0.0;0.0;0.0;0.0;0.0;0.0;0.0;0.0;0.0;0.0;0.0;0.0;0.0;0.0;0.0"
o;64.87843137254902;0.040549019607843136;88.94509803921568;0.0555906862745098;84.52549019607844;0.05282843137254902;108.64313725490196;0.06790196078431372;346.9921568627451;0.054217524509803924;41.49920323677994;42.42726851485596;0.5187400404597493;0.5303408564356995;23125.892888342576;28025.44585814978;0.0005645969943443011;0.0006842149867712349;"0.0;0.0;0.0;0.0;0.0;0.0;0.0;0.0;0.0;0.0;0.0;0.0;0.0;0.0;0.0;0.0;0.0;0.0;0.0;0.0;0.0;0.0;0.0;0.0;0.0;0.0;0.0;0.0;0.0;0.24313725490196078;10.16470588235294;16.137254901960784;19.643137254901962;22.294117647058822;23.50980392156863;16.03921568627451;12.4;10.705882352941176;9.47843137254902;8.788235294117648;8.39607843137255;8.054901960784314;8.015686274509804;8.031372549019608;8.086274509803921;8.490196078431373;8.909803921568628;9.698039215686274;11.03921568627451;12.972549019607843;17.50980392156863;23.83921568627451;21.866666666666667;19.113725490196078;15.345098039215687;8.219607843137254;0.0;0.0;0.0;0.0;0.0;0.0;0.0;0.0;0.0;0.0;0.0;0.0;0.0;0.0;0.0;0.0;0.0;0.0;0.0;0.0;0.0;0.0;0.0;0.0";"0.0;0.0;0.0;0.0;0.0;0.0;0.0;0.0;0.0;0.0;0.0;0.0;0.0;0.0;0.0;0.0;0.0;0.0;0.0;0.0;0.0;0.0;0.0;0.0;0.0;0.0;0.0;6.984313725490196;12.701960784313725;15.87843137254902;18.101960784313725;14.854901960784314;12.329411764705883;11.443137254901961;10.823529411764707;10.505882352941176;10.254901960784315;10.027450980392157;10.035294117647059;9.882352941176471;9.850980392156863;9.870588235294118;9.866666666666667;9.850980392156863;9.87843137254902;10.031372549019608;10.015686274509804;10.239215686274509;10.48235294117647;10.8;11.419607843137255;12.301960784313726;14.815686274509805;18.105882352941176;15.890196078431373;12.713725490196078;7.035294117647059;0.0;0.0;0.0;0.0;0.0;0.0;0.0;0.0;0.0;0.0;0.0;0.0;0.0;0.0;0.0;0.0;0.0;0.0;0.0;0.0;0.0;0.0;0.0"
ö;88.0156862745098;0.05500980392156863;117.41568627450981;0.07338480392156863;84.52549019607844;0.05282843137254902;108.64313725490196;0.06790196078431372;398.6;0.06228125;38.58616923939671;42.42684690534518;0.4823271154924589;0.5303355863168148;24522.65419672429;50870.85504594802;0.0005986976122247141;0.0012419642345202152;"0.0;0.0;0.0;0.0;0.0;0.0;0.0;0.0;0.0;0.0;0.0;0.0;0.0;0.0;0.0;0.0;0.0;0.0;0.0;0.0;0.0;0.0;0.0;0.0;0.0;0.0;0.0;0.0;0.0;0.24313725490196078;10.16470588235294;16.137254901960784;19.643137254901962;22.294117647058822;23.50980392156863;19.176470588235293;17.4;15.705882352941176;14.47843137254902;13.788235294117648;11.062745098039215;8.054901960784314;8.015686274509804;8.031372549019608;8.086274509803921;11.941176470588236;13.909803921568628;14.698039215686274;16.03921568627451;17.972549019607843;19.862745098039216;23.83921568627451;21.866666666666667;19.113725490196078;15.345098039215687;8.219607843137254;0.0;0.0;0.0;0.0;0.0;0.0;0.0;0.0;0.0;0.0;0.0;0.0;0.0;0.0;0.0;0.0;0.0;0.0;0.0;0.0;0.0;0.0;0.0;0.0";"0.0;0.0;0.0;0.0;0.0;0.0;0.0;0.0;0.0;0.0;0.0;0.0;0.0;0.0;0.0;0.0;0.0;10.321568627450981;10.321568627450981;10.321568627450981;10.321568627450981;10.321568627450981;0.0;0.0;0.0;0.0;0.0;6.984313725490196;12.701960784313725;15.87843137254902;18.101960784313725;14.854901960784314;12.329411764705883;11.443137254901961;10.823529411764707;10.505882352941176;10.254901960784315;10.027450980392157;10.035294117647059;9.882352941176471;9.850980392156863;9.870588235294118;9.866666666666667;9.850980392156863;9.87843137254902;10.031372549019608;10.015686274509804;10.239215686274509;10.48235294117647;10.8;11.419607843137255;12.301960784313726;14.815686274509805;18.105882352941176;15.890196078431373;12.713725490196078;7.035294117647059;0.0;0.0;0.0;0.0;0.0;0.0;0.0;0.0;0.0;0.0;0.0;0.0;0.0;0.0;0.0;0.0;0.0;0.0;0.0;0.0;0.0;0.0;0.0"
p;88.46274509803922;0.05528921568627451;99.82352941176471;0.062389705882352944;140.1843137254902;0.08761519607843138;99.86274509803921;0.062414215686274505;428.33333333333337;0.06692708333333335;41.857697413595794;40.66971847104601;0.5232212176699474;0.5083714808880752;30539.027818992097;49547.97329764517;0.0007455817338621117;0.0012096673168370403;"0.0;0.0;0.0;0.0;0.0;0.0;0.0;0.0;0.0;0.0;0.0;0.0;0.0;0.0;0.0;0.0;0.0;0.0;0.0;0.0;0.0;0.0;0.0;0.0;0.0;0.0;0.0;0.0;0.0;0.0;11.011764705882353;39.0;39.0;39.0;39.0;24.976470588235294;10.886274509803922;9.250980392156864;8.458823529411765;8.062745098039215;7.854901960784313;7.776470588235294;7.862745098039215;7.952941176470588;8.211764705882352;8.525490196078431;9.011764705882353;9.768627450980393;10.862745098039216;12.568627450980392;15.741176470588234;23.431372549019606;22.741176470588236;19.95294117647059;16.40392156862745;10.572549019607843;0.4470588235294118;0.0;0.0;0.0;0.0;0.0;0.0;0.0;0.0;0.0;0.0;0.0;0.0;0.0;0.0;0.0;0.0;0.0;0.0;0.0;0.0;0.0;0.0;0.0";"0.0;0.0;0.0;0.0;0.0;0.0;0.0;0.0;0.0;0.0;0.0;0.0;0.0;0.0;0.0;0.0;0.0;0.0;0.0;0.0;0.0;0.0;0.0;0.0;0.0;6.407843137254902;15.952941176470588;18.643137254901962;20.607843137254903;17.149019607843137;14.262745098039217;12.807843137254903;11.780392156862746;11.058823529411764;10.580392156862745;10.145098039215686;9.95686274509804;9.717647058823529;9.631372549019607;9.584313725490196;9.584313725490196;9.631372549019607;9.717647058823529;9.95686274509804;10.145098039215686;10.576470588235294;11.047058823529412;11.768627450980393;12.776470588235295;14.24313725490196;17.11764705882353;20.623529411764707;18.658823529411766;15.972549019607843;11.168627450980392;4.705882352941177;4.705882352941177;4.705882352941177;4.705882352941177;4.705882352941177;4.705882352941177;4.705882352941177;4.705882352941177;4.705882352941177;4.705882352941177;0.0;0.0;0.0;0.0;0.0;0.0;0.0;0.0;0.0;0.0;0.0;0.0;0.0;0.0;0.0"
r;51.38823529411765;0.03211764705882353;55.94117647058823;0.03496323529411764;68.51764705882353;0.042823529411764705;6.803921568627451;0.004252450980392157;182.65098039215687;0.02853921568627451;38.26870061834421;39.84962212298179;0.47835875772930264;0.4981202765372724;3388.920601370057;13783.781222593814;8.273731936938615e-05;0.0003365180962547318;"0.0;0.0;0.0;0.0;0.0;0.0;0.0;0.0;0.0;0.0;0.0;0.0;0.0;0.0;0.0;0.0;0.0;0.0;0.0;0.0;0.0;0.0;0.0;0.0;0.0;0.0;0.0;0.0;0.0;0.0;0.0;0.0;0.0;0.0;0.0;7.905882352941177;28.0;28.0;28.0;28.0;15.635294117647058;4.894117647058824;4.23921568627451;3.9725490196078432;3.8705882352941177;3.823529411764706;3.835294117647059;3.8901960784313725;3.9450980392156865;4.086274509803921;4.243137254901961;4.556862745098039;1.7529411764705882;0.0;0.0;0.0;0.0;0.0;0.0;0.0;0.0;0.0;0.0;0.0;0.0;0.0;0.0;0.0;0.0;0.0;0.0;0.0;0.0;0.0;0.0;0.0;0.0;0.0;0.0;0.0";"0.0;0.0;0.0;0.0;0.0;0.0;0.0;0.0;0.0;0.0;0.0;0.0;0.0;0.0;0.0;0.0;0.0;0.0;0.0;0.0;0.0;0.0;0.0;0.0;0.0;0.0;0.0;5.913725490196079;13.215686274509803;14.596078431372549;15.576470588235294;11.035294117647059;8.019607843137255;6.9411764705882355;6.231372549019608;5.709803921568628;5.333333333333333;5.08235294117647;4.886274509803922;4.788235294117647;4.733333333333333;4.705882352941177;4.705882352941177;4.705882352941177;4.705882352941177;4.705882352941177;4.705882352941177;4.705882352941177;4.705882352941177;4.705882352941177;4.705882352941177;4.705882352941177;4.705882352941177;4.705882352941177;4.705882352941177;4.705882352941177;0.0;0.0;0.0;0.0;0.0;0.0;0.0;0.0;0.0;0.0;0.0;0.0;0.0;0.0;0.0;0.0;0.0;0.0;0.0;0.0;0.0;0.0;0.0;0.0"
s;66.43529411764706;0.04152205882352941;51.4156862745098;0.032134803921568623;49.168627450980395;0.030730392156862747;126.00392156862745;0.07875245098039216;293.0235294117647;0.04578492647058823;41.7951178383587;41.99496794743111;0.5224389729794837;0.5249370993428888;10989.412188032291;26466.38611367621;0.0002682961959968821;0.000646152004728423;"0.0;0.0;0.0;0.0;0.0;0.0;0.0;0.0;0.0;0.0;0.0;0.0;0.0;0.0;0.0;0.0;0.0;0.0;0.0;0.0;0.0;0.0;0.0;0.0;0.0;0.0;0.0;0.0;0.0;0.0;0.0;0.9333333333333333;10.168627450980392;14.035294117647059;15.91764705882353;17.2;17.098039215686274;14.145098039215686;13.27843137254902;12.827450980392157;12.623529411764705;12.474509803921569;12.427450980392157;12.419607843137255;12.549019607843137;12.690196078431372;13.062745098039215;13.741176470588234;16.298039215686273;17.68235294117647;16.43921568627451;14.709803921568627;8.16470588235294;2.1372549019607843;0.0;0.0;0.0;0.0;0.0;0.0;0.0;0.0;0.0;0.0;0.0;0.0;0.0;0.0;0.0;0.0;0.0;0.0;0.0;0.0;0.0;0.0;0.0;0.0;0.0;0.0";"0.0;0.0;0.0;0.0;0.0;0.0;0.0;0.0;0.0;0.0;0.0;0.0;0.0;0.0;0.0;0.0;0.0;0.0;0.0;0.0;0.0;0.0;0.0;0.0;0.0;0.0;0.0;8.435294117647059;14.866666666666667;17.50588235294118;18.474509803921567;11.509803921568627;6.396078431372549;4.745098039215686;4.541176470588235;4.545098039215686;4.729411764705882;5.301960784313725;6.870588235294117;9.929411764705883;12.925490196078432;14.062745098039215;13.415686274509804;10.729411764705882;7.650980392156863;5.886274509803922;5.1647058823529415;4.882352941176471;4.792156862745098;4.796078431372549;5.988235294117647;8.64313725490196;13.525490196078431;19.823529411764707;18.745098039215687;15.623529411764705;8.51764705882353;0.0;0.0;0.0;0.0;0.0;0.0;0.0;0.0;0.0;0.0;0.0;0.0;0.0;0.0;0.0;0.0;0.0;0.0;0.0;0.0;0.0;0.0;0.0"
ş;77.03529411764706;0.04814705882352941;67.80392156862744;0.04237745098039215;47.97254901960784;0.0299828431372549;149.52549019607844;0.09345343137254902;342.33725490196076;0.05349019607843137;42.6929068914956;42.08617806085044;0.533661336143695;0.5260772257606305;11403.375225287145;43851.809599793;0.00027840271546111193;0.0010706008203074462;"0.0;0.0;0.0;0.0;0.0;0.0;0.0;0.0;0.0;0.0;0.0;0.0;0.0;0.0;0.0;0.0;0.0;0.0;0.0;0.0;0.0;0.0;0.0;0.0;0.0;0.0;0.0;0.0;0.0;0.0;0.0;0.9333333333333333;10.168627450980392;14.035294117647059;15.91764705882353;17.2;17.2;17.4;16.337254901960783;15.815686274509805;15.592156862745098;15.545098039215686;16.015686274509804;18.666666666666668;21.28627450980392;20.83921568627451;18.905882352941177;15.047058823529412;16.298039215686273;17.68235294117647;16.43921568627451;14.709803921568627;8.16470588235294;2.1372549019607843;0.0;0.0;0.0;0.0;0.0;0.0;0.0;0.0;0.0;0.0;0.0;0.0;0.0;0.0;0.0;0.0;0.0;0.0;0.0;0.0;0.0;0.0;0.0;0.0;0.0;0.0";"0.0;0.0;0.0;0.0;0.0;0.0;0.0;0.0;0.0;0.0;0.0;0.0;0.0;0.0;0.0;0.0;0.0;0.0;0.0;0.0;0.0;0.0;0.0;0.0;0.0;8.435294117647059;14.866666666666667;17.50588235294118;18.474509803921567;11.509803921568627;6.396078431372549;4.745098039215686;4.541176470588235;4.545098039215686;4.729411764705882;5.301960784313725;6.870588235294117;9.929411764705883;12.925490196078432;14.062745098039215;13.415686274509804;10.729411764705882;7.650980392156863;5.886274509803922;5.1647058823529415;4.882352941176471;4.792156862745098;4.796078431372549;5.988235294117647;8.64313725490196;13.525490196078431;19.823529411764707;18.745098039215687;15.623529411764705;9.0;3.207843137254902;3.2862745098039214;3.3490196078431373;3.4705882352941178;3.7411764705882353;5.803921568627451;10.062745098039215;9.341176470588236;6.568627450980392;0.0;0.0;0.0;0.0;0.0;0.0;0.0;0.0;0.0;0.0;0.0;0.0;0.0;0.0;0.0;0.0"
t;77.2078431372549;0.04825490196078431;68.84705882352941;0.04302941176470588;40.88235294117647;0.025551470588235294;63.423529411764704;0.03963970588235294;250.3607843137255;0.03911887254901961;37.65530528492214;40.71852385576893;0.4706913160615268;0.5089815481971116;4054.6112693653636;28798.30842392156;9.898953294349032e-05;0.0007030837017558975;"0.0;0.0;0.0;0.0;0.0;0.0;0.0;0.0;0.0;0.0;0.0;0.0;0.0;0.0;0.0;0.0;0.0;0.0;0.0;0.0;0.0;0.0;0.0;0.0;0.0;0.0;0.0;0.0;0.0;0.0;0.0;0.0;0.0;2.447058823529412;4.0;4.0;8.2;31.470588235294116;33.51372549019608;34.45882352941177;35.03137254901961;23.219607843137254;8.647058823529411;8.192156862745097;8.050980392156863;8.0;8.0;8.0;8.0;8.0;8.0;1.1294117647058823;0.0;0.0;0.0;0.0;0.0;0.0;0.0;0.0;0.0;0.0;0.0;0.0;0.0;0.0;0.0;0.0;0.0;0.0;0.0;0.0;0.0;0.0;0.0;0.0;0.0;0.0;0.0;0.0";"0.0;0.0;0.0;0.0;0.0;0.0;0.0;0.0;0.0;0.0;0.0;0.0;0.0;0.0;0.0;0.0;0.0;0.0;0.0;0.0;4.690196078431373;4.690196078431373;4.690196078431373;4.690196078431373;4.690196078431373;4.690196078431373;4.690196078431373;4.690196078431373;17.75294117647059;17.75294117647059;17.75294117647059;17.75294117647059;4.690196078431373;4.690196078431373;4.690196078431373;4.690196078431373;4.690196078431373;4.690196078431373;4.690196078431373;4.690196078431373;4.690196078431373;4.690196078431373;4.690196078431373;4.690196078431373;4.690196078431373;4.690196078431373;4.686274509803922;4.682352941176471;4.690196078431373;4.76078431372549;4.925490196078432;5.964705882352941;13.286274509803922;12.658823529411764;11.572549019607843;8.937254901960785;0.0;0.0;0.0;0.0;0.0;0.0;0.0;0.0;0.0;0.0;0.0;0.0;0.0;0.0;0.0;0.0;0.0;0.0;0.0;0.0;0.0;0.0;0.0;0.0"
ü;81.89803921568627;0.05118627450980392;81.89803921568627;0.05118627450980392;86.84313725490196;0.054276960784313724;113.78823529411764;0.07111764705882352;364.4274509803921;0.05694178921568627;39.92451226204952;42.114904927417705;0.49905640327561895;0.5264363115927213;25610.545275235425;49391.739033405014;0.0006252574530086774;0.0012058530037452396;"0.0;0.0;0.0;0.0;0.0;0.0;0.0;0.0;0.0;0.0;0.0;0.0;0.0;0.0;0.0;0.0;0.0;0.0;0.0;0.0;0.0;0.0;0.0;0.0;0.0;0.0;0.0;0.0;0.0;0.0;11.784313725490197;23.40392156862745;25.301960784313724;26.498039215686273;29.466666666666665;14.466666666666667;10.658823529411764;9.862745098039216;9.43921568627451;7.858823529411764;4.0627450980392155;3.9647058823529413;3.9058823529411764;3.835294117647059;6.223529411764706;8.792156862745099;8.827450980392157;9.003921568627451;9.501960784313725;18.980392156862745;28.0;28.0;28.0;28.0;6.588235294117647;0.0;0.0;0.0;0.0;0.0;0.0;0.0;0.0;0.0;0.0;0.0;0.0;0.0;0.0;0.0;0.0;0.0;0.0;0.0;0.0;0.0;0.0;0.0;0.0;0.0";"0.0;0.0;0.0;0.0;0.0;0.0;0.0;0.0;0.0;0.0;0.0;0.0;0.0;0.0;0.0;0.0;0.0;10.321568627450981;10.321568627450981;10.321568627450981;10.321568627450981;10.321568627450981;0.0;0.0;0.0;0.0;0.0;0.0;9.349019607843138;9.349019607843138;9.349019607843138;9.349019607843138;9.349019607843138;9.349019607843138;9.349019607843138;9.349019607843138;9.349019607843138;9.349019607843138;9.349019607843138;9.349019607843138;9.349019607843138;9.349019607843138;9.349019607843138;9.349019607843138;9.376470588235295;9.454901960784314;9.6;9.91764705882353;10.36078431372549;11.011764705882353;12.027450980392157;13.572549019607843;16.576470588235296;20.427450980392155;18.545098039215688;15.925490196078432;6.43921568627451;0.0;0.0;0.0;0.0;0.0;0.0;0.0;0.0;0.0;0.0;0.0;0.0;0.0;0.0;0.0;0.0;0.0;0.0;0.0;0.0;0.0;0.0;0.0"
v;59.24313725490196;0.03702696078431372;59.090196078431376;0.03693137254901961;56.247058823529414;0.035154411764705885;92.74509803921569;0.057965686274509806;267.3254901960785;0.04176960784313726;41.108716699917856;41.87982631146579;0.5138589587489732;0.5234978288933224;13264.17857703344;16703.81686485062;0.0003238324847908555;0.00040780802892701715;"0.0;0.0;0.0;0.0;0.0;0.0;0.0;0.0;0.0;0.0;0.0;0.0;0.0;0.0;0.0;0.0;0.0;0.0;0.0;0.0;0.0;0.0;0.0;0.0;0.0;0.0;0.0;0.0;0.27058823529411763;2.5058823529411764;5.133333333333334;7.756862745098039;10.380392156862746;12.670588235294117;12.972549019607843;12.964705882352941;12.937254901960785;12.913725490196079;12.905882352941177;12.07843137254902;9.494117647058824;6.850980392156862;5.192156862745098;7.435294117647059;10.08235294117647;12.470588235294118;12.898039215686275;12.91764705882353;12.929411764705883;12.949019607843137;12.95686274509804;12.290196078431373;9.768627450980393;7.141176470588236;4.513725490196078;1.8862745098039215;0.058823529411764705;0.0;0.0;0.0;0.0;0.0;0.0;0.0;0.0;0.0;0.0;0.0;0.0;0.0;0.0;0.0;0.0;0.0;0.0;0.0;0.0;0.0;0.0;0.0";"0.0;0.0;0.0;0.0;0.0;0.0;0.0;0.0;0.0;0.0;0.0;0.0;0.0;0.0;0.0;0.0;0.0;0.0;0.0;0.0;0.0;0.0;0.0;0.0;0.0;0.0;0.0;0.0;9.890196078431373;9.87843137254902;9.87843137254902;9.870588235294118;9.870588235294118;9.870588235294118;9.858823529411765;9.850980392156863;9.850980392156863;9.843137254901961;9.83921568627451;9.831372549019608;9.831372549019608;9.823529411764707;9.811764705882354;9.811764705882354;9.803921568627452;9.807843137254903;9.8;9.792156862745099;9.792156862745099;9.780392156862746;9.780392156862746;9.678431372549019;9.011764705882353;8.250980392156864;7.486274509803922;6.729411764705882;0.0;0.0;0.0;0.0;0.0;0.0;0.0;0.0;0.0;0.0;0.0;0.0;0.0;0.0;0.0;0.0;0.0;0.0;0.0;0.0;0.0;0.0;0.0;0.0"
y;68.29019607843138;0.04268137254901961;69.1843137254902;0.043240196078431374;82.50588235294117;0.05156617647058823;109.29019607843138;0.06830637254901961;329.27058823529416;0.05144852941176471;43.27558239245391;41.05708398837598;0.5409447799056739;0.5132135498546997;14172.61724095574;40724.71489812161;0.000346011163109271;0.000994255734817422;"0.0;0.0;0.0;0.0;0.0;0.0;0.0;0.0;0.0;0.0;0.0;0.0;0.0;0.0;0.0;0.0;0.0;0.0;0.0;0.0;0.0;0.0;0.0;0.0;0.0;0.0;0.0;0.0;0.24705882352941178;2.2862745098039214;4.694117647058824;10.670588235294117;13.490196078431373;15.584313725490196;15.901960784313726;15.980392156862745;16.298039215686273;17.00392156862745;18.423529411764704;20.215686274509803;19.529411764705884;15.694117647058823;12.321568627450981;12.16470588235294;12.184313725490195;12.188235294117646;12.184313725490195;12.180392156862744;12.188235294117646;12.176470588235293;12.180392156862744;11.541176470588235;9.168627450980392;6.705882352941177;4.235294117647059;1.776470588235294;0.054901960784313725;0.0;0.0;0.0;0.0;0.0;0.0;0.0;0.0;0.0;0.0;0.0;0.0;0.0;0.0;0.0;0.0;0.0;0.0;0.0;0.0;0.0;0.0;0.0";"0.0;0.0;0.0;0.0;0.0;0.0;0.0;0.0;0.0;0.0;0.0;0.0;0.0;0.0;0.0;0.0;0.0;0.0;0.0;0.0;0.0;0.0;0.0;0.0;0.0;0.0;9.886274509803922;9.87843137254902;9.866666666666667;9.850980392156863;9.847058823529412;9.83921568627451;9.831372549019608;9.819607843137256;9.8;9.792156862745099;9.780392156862746;9.768627450980393;9.768627450980393;9.745098039215685;9.741176470588234;9.72549019607843;9.72156862745098;9.709803921568627;9.701960784313725;9.686274509803921;9.670588235294117;9.658823529411764;9.168627450980392;8.349019607843138;7.525490196078431;6.701960784313726;5.882352941176471;5.12156862745098;4.968627450980392;4.952941176470588;4.949019607843137;4.956862745098039;5.031372549019608;5.207843137254902;6.105882352941176;10.341176470588236;9.635294117647058;8.63921568627451;6.643137254901961;0.0;0.0;0.0;0.0;0.0;0.0;0.0;0.0;0.0;0.0;0.0;0.0;0.0;0.0;0.0"
z;32.501960784313724;0.020313725490196076;99.24313725490197;0.06202696078431373;72.72156862745098;0.045450980392156864;83.07843137254902;0.05192401960784314;287.5450980392157;0.044928921568627454;41.607086356445365;42.245649446293164;0.5200885794555671;0.5280706180786645;10689.456322248501;29724.792776192906;0.00026097305474239503;0.0007257029486375221;"0.0;0.0;0.0;0.0;0.0;0.0;0.0;0.0;0.0;0.0;0.0;0.0;0.0;0.0;0.0;0.0;0.0;0.0;0.0;0.0;0.0;0.0;0.0;0.0;0.0;0.0;0.0;0.0;0.0;0.0;0.0;4.015686274509804;9.568627450980392;10.698039215686274;11.827450980392157;12.96078431372549;13.941176470588236;14.070588235294117;14.070588235294117;14.070588235294117;14.070588235294117;14.070588235294117;14.074509803921568;14.074509803921568;14.074509803921568;14.070588235294117;14.074509803921568;14.070588235294117;14.054901960784314;13.294117647058824;12.16470588235294;11.035294117647059;9.905882352941177;8.776470588235295;0.5098039215686274;0.0;0.0;0.0;0.0;0.0;0.0;0.0;0.0;0.0;0.0;0.0;0.0;0.0;0.0;0.0;0.0;0.0;0.0;0.0;0.0;0.0;0.0;0.0;0.0;0.0";"0.0;0.0;0.0;0.0;0.0;0.0;0.0;0.0;0.0;0.0;0.0;0.0;0.0;0.0;0.0;0.0;0.0;0.0;0.0;0.0;0.0;0.0;0.0;0.0;0.0;0.0;0.0;0.0;22.188235294117646;22.188235294117646;22.188235294117646;22.188235294117646;5.36078431372549;5.376470588235295;5.376470588235295;5.372549019607843;5.376470588235295;5.376470588235295;5.376470588235295;5.376470588235295;5.372549019607843;5.372549019607843;5.376470588235295;5.376470588235295;5.376470588235295;5.372549019607843;5.376470588235295;5.372549019607843;5.368627450980392;5.372549019607843;5.372549019607843;5.364705882352941;22.83137254901961;22.83137254901961;22.83137254901961;22.83137254901961;0.0;0.0;0.0;0.0;0.0;0.0;0.0;0.0;0.0;0.0;0.0;0.0;0.0;0.0;0.0;0.0;0.0;0.0;0.0;0.0;0.0;0.0;0.0;0.0"
